Total_Countries,Mean_Pop,Median_Pop,Max_Pop,Min_Pop,SD_Pop
47,1012006.7234042553,893681,4397073,143920,693242.3983910899
